Model,AUC,Precision,Recall,F1-Score
Logistic Regression,0.7105767398530625,0.016215312604480107,0.6643835616438356,0.031657963446475194
Random Forest,0.8058116844163085,0.16666666666666666,0.0958904109589041,0.12173913043478261
LightGBM,0.9252957979575561,0.07830907830907831,0.773972602739726,0.1422278162366268
