Model,AUC,Precision,Recall,F1-Score
Logistic Regression (Balanced),0.581737012414163,0.011168504816417702,0.547945205479452,0.021890819537556436
Random Forest (Balanced),0.7346730695941225,0.3333333333333333,0.0410958904109589,0.07317073170731707
LightGBM (Balanced),0.8485453586274552,0.045797413793103446,0.5821917808219178,0.08491508491508491
